URL,title
http://reddit.com/,
https://www.reddit.com/login/?dest=https%3A%2F%2Fwww.reddit.com%2F,Log In
http://reddit.com/r/popular/,Popular
http://reddit.com/t/gaming/,Gaming
http://reddit.com/t/valheim/,Valheim
http://reddit.com/t/genshin_impact/,Genshin Impact
http://reddit.com/t/minecraft/,Minecraft
http://reddit.com/t/pokimane/,Pokimane
http://reddit.com/t/halo_infinite/,Halo Infinite
http://reddit.com/t/call_of_duty_warzone/,Call of Duty: Warzone
http://reddit.com/t/path_of_exile/,Path of Exile
http://reddit.com/t/hollow_knight_silksong/,Hollow Knight: Silksong
http://reddit.com/t/escape_from_tarkov/,Escape from Tarkov
http://reddit.com/t/watch_dogs_legion/,Watch Dogs: Legion
http://reddit.com/t/sports/,Sports
http://reddit.com/t/nfl/,NFL
http://reddit.com/t/nba/,NBA
http://reddit.com/t/megan_anderson/,Megan Anderson
http://reddit.com/t/atlanta_hawks/,Atlanta Hawks
http://reddit.com/t/los_angeles_lakers/,Los Angeles Lakers
http://reddit.com/t/boston_celtics/,Boston Celtics
http://reddit.com/t/arsenal_fc/,Arsenal F.C.
http://reddit.com/t/philadelphia_76ers/,Philadelphia 76ers
http://reddit.com/t/premier_league/,Premier League
http://reddit.com/t/ufc/,UFC
http://reddit.com/t/business_economics_and_finance/,"Business, Economics, and Finance"
http://reddit.com/t/gamestop/,GameStop
http://reddit.com/t/moderna/,Moderna
http://reddit.com/t/pfizer/,Pfizer
http://reddit.com/t/johnson_johnson/,Johnson & Johnson
http://reddit.com/t/astrazeneca/,AstraZeneca
http://reddit.com/t/walgreens/,Walgreens
http://reddit.com/t/best_buy/,Best Buy
http://reddit.com/t/novavax/,Novavax
http://reddit.com/t/spacex/,SpaceX
http://reddit.com/t/tesla/,Tesla
http://reddit.com/t/cryptocurrency/,Crypto
http://reddit.com/t/cardano/,Cardano
http://reddit.com/t/dogecoin/,Dogecoin
http://reddit.com/t/algorand/,Algorand
http://reddit.com/t/bitcoin/,Bitcoin
http://reddit.com/t/litecoin/,Litecoin
http://reddit.com/t/basic_attention_token/,Basic Attention Token
http://reddit.com/t/bitcoin_cash/,Bitcoin Cash
http://reddit.com/t/television/,Television
http://reddit.com/t/the_real_housewives_of_atlanta/,The Real Housewives of Atlanta
http://reddit.com/t/the_bachelor/,The Bachelor
http://reddit.com/t/sister_wives/,Sister Wives
http://reddit.com/t/90_day_fiance/,90 Day Fiance
http://reddit.com/t/wife_swap/,Wife Swap
http://reddit.com/t/the_amazing_race_australia/,The Amazing Race Australia
http://reddit.com/t/married_at_first_sight/,Married at First Sight
http://reddit.com/t/the_real_housewives_of_dallas/,The Real Housewives of Dallas
http://reddit.com/t/my_600lb_life/,My 600-lb Life
http://reddit.com/t/last_week_tonight_with_john_oliver/,Last Week Tonight with John Oliver
http://reddit.com/t/celebrity/,Celebrity
http://reddit.com/t/kim_kardashian/,Kim Kardashian
http://reddit.com/t/doja_cat/,Doja Cat
http://reddit.com/t/iggy_azalea/,Iggy Azalea
http://reddit.com/t/anya_taylor_joy/,Anya Taylor-Joy
http://reddit.com/t/jamie_lee_curtis/,Jamie Lee Curtis
http://reddit.com/t/natalie_portman/,Natalie Portman
http://reddit.com/t/henry_cavill/,Henry Cavill
http://reddit.com/t/millie_bobby_brown/,Millie Bobby Brown
http://reddit.com/t/tom_hiddleston/,Tom Hiddleston
http://reddit.com/t/keanu_reeves/,Keanu Reeves
http://reddit.com/topics/a-1/,More Topics
http://reddit.com/t/animals_and_pets/,Animals and Pets
http://reddit.com/t/anime/,Anime
http://reddit.com/t/art/,Art
http://reddit.com/t/cars_and_motor_vehicles/,Cars and Motor Vehicles
http://reddit.com/t/crafts_and_diy/,Crafts and DIY
http://reddit.com/t/culture_race_and_ethnicity/,"Culture, Race, and Ethnicity"
http://reddit.com/t/ethics_and_philosophy/,Ethics and Philosophy
http://reddit.com/t/fashion/,Fashion
http://reddit.com/t/food_and_drink/,Food and Drink
http://reddit.com/t/history/,History
http://reddit.com/t/hobby/,Hobbies
http://reddit.com/t/law/,Law
http://reddit.com/t/learning_and_education/,Learning and Education
http://reddit.com/t/military/,Military
http://reddit.com/t/movie/,Movies
http://reddit.com/t/music/,Music
http://reddit.com/t/place/,Place
http://reddit.com/t/podcasts_and_streamers/,Podcasts and Streamers
http://reddit.com/t/politics/,Politics
http://reddit.com/t/programming/,Programming
http://reddit.com/t/reading_writing_and_literature/,"Reading, Writing, and Literature"
http://reddit.com/t/religion_and_spirituality/,Religion and Spirituality
http://reddit.com/t/science/,Science
http://reddit.com/t/tabletop_games/,Tabletop Games
http://reddit.com/t/technology/,Technology
http://reddit.com/t/travel/,Travel
http://reddit.com/hot/,Hot
http://reddit.com/new/,New
http://reddit.com/top/,Top
http://reddit.com/rising/,Rising
http://reddit.com/hot/,Hot
http://reddit.com/new/,New
http://reddit.com/top/,Top
http://reddit.com/rising/,Rising
http://reddit.com/r/CasualUK/,
http://reddit.com/r/CasualUK/comments/11whh5n/from_china_i_make_first_famous_uk_breakfast_how_i/,From China I make first famous UK breakfast! How I do?
http://reddit.com/r/CasualUK/comments/11whh5n/from_china_i_make_first_famous_uk_breakfast_how_i/,
http://reddit.com/r/CasualUK/comments/11whh5n/from_china_i_make_first_famous_uk_breakfast_how_i/,1.6k comments
http://reddit.com/r/AskUK/,
http://reddit.com/r/AskUK/comments/11wqbjq/where_is_the_place_that_has_given_you_the_most/,Where is the place that has given you the most “unsafe” feeling in the UK?
http://reddit.com/r/AskUK/?f=flair_name%3A%22Locked%22,Locked
http://reddit.com/r/AskUK/comments/11wqbjq/where_is_the_place_that_has_given_you_the_most/,Where is the place that has given you the most “unsafe” feeling in the UK?
http://reddit.com/r/AskUK/comments/11wqbjq/where_is_the_place_that_has_given_you_the_most/,699 comments
http://reddit.com/r/meirl/,
http://reddit.com/r/meirl/comments/11wn2mm/meirl/,Meirl
http://reddit.com/r/meirl/comments/11wn2mm/meirl/,
http://reddit.com/r/meirl/comments/11wn2mm/meirl/,3.1k comments
http://reddit.com/r/AskUK/,
http://reddit.com/r/AskUK/comments/11wh0in/why_are_video_games_seen_as_a_waste_of_time_but/,"Why are video games seen as a waste of time, but binge watching Netflix is considered normal?"
http://reddit.com/r/AskUK/comments/11wh0in/why_are_video_games_seen_as_a_waste_of_time_but/,"Hi all,Both of them involve looking at a screen for hours at a time, but video games require you to engage with them, making them more fun for many people.Thank you"
http://reddit.com/r/AskUK/comments/11wh0in/why_are_video_games_seen_as_a_waste_of_time_but/,695 comments
http://reddit.com/r/CasualUK/,
http://reddit.com/r/CasualUK/comments/11wcvjj/ah_newbuilds/,"Ah, newbuilds."
http://reddit.com/r/CasualUK/comments/11wcvjj/ah_newbuilds/,
http://reddit.com/r/CasualUK/comments/11wcvjj/ah_newbuilds/,744 comments
http://reddit.com/r/therewasanattempt/,
http://reddit.com/r/therewasanattempt/comments/11wmcla/to_contain_tourettes_syndrome_during_an_interview/,To contain Tourette's syndrome during an interview
http://reddit.com/r/therewasanattempt/?f=flair_name%3A%22Video%2FGif%22,Video/Gif
http://reddit.com/r/therewasanattempt/comments/11wmcla/to_contain_tourettes_syndrome_during_an_interview/,2.6k comments
http://reddit.com/r/AskUK/,
http://reddit.com/r/AskUK/comments/11wlend/do_other_people_lay_toilet_people_down_in_toilet/,Do other people lay toilet people down in toilet bowl before having a poo?
http://reddit.com/r/AskUK/comments/11wlend/do_other_people_lay_toilet_people_down_in_toilet/,So that it doesn't splash. Been doing this for years and wondering if it's normal.
http://reddit.com/r/AskUK/comments/11wlend/do_other_people_lay_toilet_people_down_in_toilet/,271 comments
http://reddit.com/r/AskReddit/,
http://reddit.com/r/AskReddit/comments/11wo9g4/if_trump_is_arrested_how_do_you_think_his/,"If Trump is arrested, how do you think his supporters will react?"
http://reddit.com/r/AskReddit/comments/11wo9g4/if_trump_is_arrested_how_do_you_think_his/,
http://reddit.com/r/AskReddit/comments/11wo9g4/if_trump_is_arrested_how_do_you_think_his/,6.8k comments
https://www.redditinc.com/policies/user-agreement,User Agreement
https://www.redditinc.com/policies/privacy-policy,Privacy policy
https://www.redditinc.com/policies/content-policy,Content policy
https://www.redditinc.com/policies/moderator-guidelines,Moderator Code of Conduct
https://www.reddit.com/policies/cookies,Cookie Notice
https://www.reddit.com/policies/privacy-policy,Privacy Policy
